epoch,time,train/box_loss,train/cls_loss,train/dfl_loss,train/angle_loss,metrics/precision(B),metrics/recall(B),metrics/mAP50(B),metrics/mAP50-95(B),val/box_loss,val/cls_loss,val/dfl_loss,val/angle_loss,lr/pg0,lr/pg1,lr/pg2
1,3.67472,0.99364,0.46623,0.00959,0.00016,0.96456,0.99585,0.99306,0.71856,1.02801,0.31218,0.00906,0.0001,0.00016,0.00016,0.00016
2,6.39218,0.96483,0.48373,0.00891,0.00031,0.97455,1,0.9933,0.69943,1.06017,0.30526,0.00916,0.00011,0.000338654,0.000338654,0.000338654
3,9.16526,0.97477,0.46181,0.00902,0.0003,0.97326,1,0.99329,0.70215,1.02783,0.30452,0.00905,0.00016,0.000515882,0.000515882,0.000515882
4,11.7931,0.91568,0.45776,0.00895,0.00019,0.97615,0.99845,0.99342,0.70603,1.03503,0.30195,0.00909,8e-05,0.000691684,0.000691684,0.000691684
5,14.3599,0.95172,0.46047,0.00896,0.00029,0.97618,0.99977,0.99317,0.71514,0.9965,0.2954,0.009,8e-05,0.000866061,0.000866061,0.000866061
6,17.0415,0.94406,0.4245,0.00901,0.00037,0.974,0.9878,0.99198,0.68343,1.04355,0.30656,0.00905,0.00012,0.00103901,0.00103901,0.00103901
7,19.721,0.96235,0.47969,0.00944,0.00025,0.97497,0.9878,0.99218,0.71133,1.02006,0.30154,0.00893,7e-05,0.00121054,0.00121054,0.00121054
8,24.2592,0.96811,0.44116,0.0101,0.00024,0.97601,1,0.99303,0.6967,1.04449,0.30299,0.00887,0.00018,0.00138064,0.00138064,0.00138064
1,5.61702,0.99364,0.46623,0.00959,0.00016,0.96456,0.99585,0.99306,0.71856,1.02801,0.31218,0.00906,0.0001,0.00016,0.00016,0.00016
9,28.6531,0.90791,0.41947,0.00966,0.00048,0.97613,0.99754,0.99269,0.64923,1.14117,0.32542,0.00908,0.00034,0.00154931,0.00154931,0.00154931
2,10.5318,0.96444,0.48423,0.00887,0.00031,0.97463,1,0.9933,0.6988,1.05996,0.30491,0.00916,0.00011,0.000337756,0.000337756,0.000337756
10,32.8877,0.97685,0.48784,0.00979,0.0006,0.96207,1,0.99279,0.63698,1.14015,0.33048,0.00901,0.00044,0.00171656,0.00171656,0.00171656
3,15.2794,0.9754,0.46209,0.00903,0.00031,0.97381,1,0.99329,0.70207,1.02795,0.30423,0.00905,0.00018,0.000513136,0.000513136,0.000513136
11,37.3867,0.94147,0.49386,0.00826,0.0006,0.97473,0.9878,0.99307,0.6952,1.03214,0.3003,0.00852,0.0006,0.00188238,0.00188238,0.00188238
4,19.8509,0.91502,0.45731,0.00895,0.0002,0.97614,0.99805,0.9933,0.70443,1.03558,0.30282,0.00909,8e-05,0.00068614,0.00068614,0.00068614
12,41.9239,0.93332,0.49212,0.00814,0.00065,0.98664,1,0.99416,0.71563,1.04234,0.2845,0.00863,0.00029,0.00191288,0.00191288,0.00191288
5,24.4416,0.9519,0.46017,0.00896,0.00027,0.97548,1,0.99317,0.71464,0.99639,0.29519,0.00901,8e-05,0.000856768,0.000856768,0.000856768
13,46.127,0.95293,0.42565,0.00909,0.0002,0.98794,0.99907,0.99392,0.70826,1.04959,0.29151,0.00863,8e-05,0.00190496,0.00190496,0.00190496
6,28.9294,0.94389,0.42322,0.009,0.00037,0.97584,0.98532,0.99185,0.6878,1.04267,0.30778,0.00904,0.00012,0.00102502,0.00102502,0.00102502
14,50.1259,1.01219,0.46275,0.00834,0.00017,0.98791,0.99637,0.99416,0.71747,1.02527,0.29511,0.00875,6e-05,0.00189704,0.00189704,0.00189704
7,33.5693,0.96282,0.48147,0.00944,0.00026,0.97478,0.9878,0.99218,0.71263,1.02102,0.30121,0.00893,7e-05,0.0011909,0.0011909,0.0011909
15,54.5301,0.91782,0.4135,0.00988,0.00016,0.98777,0.98485,0.99367,0.72467,1.00771,0.29506,0.00874,5e-05,0.00188912,0.00188912,0.00188912
8,38.0667,0.96968,0.44288,0.01011,0.00023,0.97587,1,0.99266,0.70046,1.04209,0.3029,0.00889,0.00015,0.0013544,0.0013544,0.0013544
16,58.5463,1.01109,0.45726,0.00893,0.00018,0.97618,0.99947,0.99286,0.72203,0.99892,0.29517,0.0088,4e-05,0.0018812,0.0018812,0.0018812
9,42.2802,0.90946,0.41614,0.00966,0.00041,0.96259,1,0.99231,0.65242,1.12163,0.32491,0.00901,0.0003,0.00151552,0.00151552,0.00151552
17,62.7786,0.95959,0.39507,0.00944,0.00017,0.97574,0.9878,0.99183,0.7185,1.00394,0.30494,0.00891,5e-05,0.00187328,0.00187328,0.00187328
10,46.3991,0.96943,0.49413,0.00974,0.0005,0.96087,1,0.99241,0.64136,1.13373,0.33011,0.00897,0.00037,0.00167427,0.00167427,0.00167427
18,66.8406,0.95152,0.43342,0.00862,0.00041,0.97201,1,0.99255,0.69444,1.05326,0.32051,0.00879,0.00021,0.00186536,0.00186536,0.00186536
11,50.6444,0.93314,0.49866,0.00824,0.00049,0.96429,0.98801,0.9927,0.69519,1.04039,0.30111,0.00853,0.0005,0.00183064,0.00183064,0.00183064
19,70.978,0.90368,0.45915,0.00784,0.00047,0.97259,1,0.99231,0.68345,1.09582,0.34086,0.00898,6e-05,0.00185744,0.00185744,0.00185744
12,54.9203,0.93505,0.48731,0.00811,0.00057,0.98589,1,0.99416,0.71341,1.04676,0.28533,0.00866,0.00032,0.0018548,0.0018548,0.0018548
20,75.1619,0.89353,0.42601,0.00935,0.00016,0.95224,1,0.99258,0.67952,1.06822,0.33767,0.009,0.00014,0.00184952,0.00184952,0.00184952
13,58.8413,0.94462,0.42643,0.00898,0.00023,0.9739,0.9878,0.99355,0.71065,1.05485,0.30207,0.00869,0.00013,0.0018416,0.0018416,0.0018416
21,79.1464,0.92535,0.45074,0.00951,0.0003,0.97557,0.9741,0.9925,0.68569,1.03381,0.31449,0.00887,7e-05,0.0018416,0.0018416,0.0018416
14,63.0993,1.00914,0.45504,0.00833,0.00016,0.97251,0.9878,0.99332,0.71924,1.02497,0.29909,0.00866,0.0001,0.0018284,0.0018284,0.0018284
22,83.3549,0.92699,0.47046,0.00922,0.0002,0.96464,0.99816,0.99306,0.69636,1.03984,0.29946,0.00879,7e-05,0.00183368,0.00183368,0.00183368
15,67.2288,0.91953,0.41794,0.00987,0.00011,0.9759,0.98759,0.99342,0.72303,1.00976,0.29208,0.00873,4e-05,0.0018152,0.0018152,0.0018152
23,87.4654,0.92914,0.46253,0.00877,0.00022,0.96296,1,0.99205,0.69617,1.07749,0.30322,0.00896,9e-05,0.00182576,0.00182576,0.00182576
16,71.373,0.99743,0.45905,0.00879,0.00023,0.98795,0.99944,0.99392,0.71848,1.00537,0.2888,0.00884,7e-05,0.001802,0.001802,0.001802
24,91.6071,0.94393,0.37658,0.00926,0.00033,0.95276,1,0.99194,0.69569,1.06966,0.30032,0.00899,0.00023,0.00181784,0.00181784,0.00181784
17,75.5697,0.9501,0.39749,0.00931,0.00024,0.98385,1,0.9938,0.71261,1.01527,0.29986,0.00887,8e-05,0.0017888,0.0017888,0.0017888
25,95.8517,0.96624,0.46169,0.00896,0.00056,0.98792,0.99743,0.9938,0.69765,1.02664,0.27744,0.00904,0.00053,0.00180992,0.00180992,0.00180992
18,79.667,0.9555,0.43747,0.00861,0.00017,0.97225,1,0.99329,0.68963,1.07587,0.31073,0.00892,5e-05,0.0017756,0.0017756,0.0017756
26,99.9291,0.96474,0.43418,0.00921,0.00044,0.97384,0.9878,0.99291,0.70504,1.00758,0.27667,0.00918,0.00046,0.001802,0.001802,0.001802
19,83.8793,0.90408,0.4666,0.00776,0.00025,0.976,0.99209,0.99379,0.69069,1.08573,0.33348,0.00898,7e-05,0.0017624,0.0017624,0.0017624
27,104.112,0.97039,0.46586,0.00889,0.00016,0.96464,0.99797,0.99343,0.70868,1.03552,0.27881,0.00927,5e-05,0.00179408,0.00179408,0.00179408
20,88.015,0.89801,0.41814,0.00933,0.00015,0.98573,1,0.99404,0.68112,1.06327,0.32014,0.00899,6e-05,0.0017492,0.0017492,0.0017492
28,108.25,0.87673,0.37622,0.00888,0.00026,0.9761,0.99635,0.99119,0.68187,1.12991,0.29842,0.00943,0.00017,0.00178616,0.00178616,0.00178616
21,92.3538,0.93459,0.44639,0.00957,0.00016,0.95184,1,0.99344,0.68961,1.03672,0.30943,0.00888,0.0001,0.001736,0.001736,0.001736
29,112.608,1.03204,0.44872,0.00983,0.00066,0.97396,1,0.99062,0.67006,1.15997,0.31485,0.00951,0.00025,0.00177824,0.00177824,0.00177824
22,96.444,0.93292,0.47096,0.00918,0.00031,0.98035,0.97561,0.99368,0.69536,1.04093,0.30203,0.00886,0.00023,0.0017228,0.0017228,0.0017228
30,116.682,0.97957,0.48618,0.0092,0.00057,0.98555,0.9878,0.99232,0.6972,1.07753,0.3229,0.00927,0.00026,0.00177032,0.00177032,0.00177032
31,120.784,0.87642,0.35855,0.00917,0.00046,0.98794,0.99888,0.99199,0.70136,1.04544,0.28726,0.00929,0.0002,0.0017624,0.0017624,0.0017624
23,100.584,0.93847,0.45835,0.00874,0.00033,0.97617,0.99917,0.99366,0.69594,1.09007,0.30309,0.00889,0.00016,0.0017096,0.0017096,0.0017096
32,124.852,0.84103,0.40245,0.00936,0.00034,0.98644,1,0.99163,0.6946,1.04789,0.28532,0.00906,0.00014,0.00175448,0.00175448,0.00175448
24,104.637,0.9305,0.37466,0.00906,0.0003,0.97614,0.99772,0.99354,0.69707,1.10277,0.30297,0.009,0.00017,0.0016964,0.0016964,0.0016964
33,128.907,0.86151,0.39557,0.00823,0.00024,0.98681,1,0.99199,0.69992,1.04233,0.28714,0.00903,8e-05,0.00174656,0.00174656,0.00174656
25,108.797,0.92654,0.47447,0.00875,0.00035,0.96214,1,0.99267,0.70183,1.0536,0.28966,0.00908,0.00028,0.0016832,0.0016832,0.0016832
26,112.939,0.94025,0.42715,0.00908,0.00024,0.97135,1,0.99354,0.72071,1.01029,0.27843,0.00917,0.00018,0.00167,0.00167,0.00167
34,133.187,0.84356,0.41154,0.00915,0.00048,0.98625,1,0.99187,0.69715,1.04092,0.29888,0.00902,0.0002,0.00173864,0.00173864,0.00173864
35,137.371,0.85116,0.39474,0.00804,0.00028,0.9872,0.9878,0.99135,0.68508,1.05269,0.3421,0.01052,0.00015,0.00173072,0.00173072,0.00173072
27,117.154,0.95965,0.45719,0.00884,0.00023,0.98755,0.9878,0.99305,0.71381,1.01621,0.28043,0.00922,0.00011,0.0016568,0.0016568,0.0016568
28,121.256,0.85393,0.35572,0.00877,0.00044,0.98794,0.99902,0.99271,0.68677,1.10671,0.29305,0.00938,0.00031,0.0016436,0.0016436,0.0016436
36,141.513,0.91855,0.47152,0.00865,0.00028,0.97573,0.9878,0.99148,0.70988,1.00992,0.31731,0.00912,0.00067,0.0017228,0.0017228,0.0017228
37,145.594,0.83623,0.43608,0.00896,0.0008,0.96461,0.99729,0.9923,0.70587,1.05202,0.3157,0.00956,0.00099,0.00171488,0.00171488,0.00171488
29,125.447,0.96946,0.44947,0.00972,0.00076,0.97619,0.99997,0.99257,0.69172,1.12828,0.32042,0.00932,0.0004,0.0016304,0.0016304,0.0016304
38,149.732,0.93519,0.36085,0.00901,0.00089,0.9609,0.9878,0.99218,0.70496,1.05456,0.32606,0.00947,0.00101,0.00170696,0.00170696,0.00170696
30,129.501,0.93502,0.47607,0.00896,0.00068,0.97456,1,0.99281,0.68857,1.12776,0.31556,0.00934,0.00045,0.0016172,0.0016172,0.0016172
31,133.605,0.8591,0.35597,0.00881,0.00058,0.9736,1,0.99292,0.7024,1.09096,0.34871,0.00922,0.0003,0.001604,0.001604,0.001604
39,153.959,0.87195,0.38833,0.0095,0.00072,0.98535,0.97561,0.99246,0.70942,1.00004,0.312,0.00889,0.00083,0.00169904,0.00169904,0.00169904
32,137.67,0.86818,0.41414,0.00926,0.00034,0.98734,0.9878,0.9927,0.70674,1.05219,0.29754,0.00913,0.00015,0.0015908,0.0015908,0.0015908
40,158.019,0.93077,0.44852,0.00894,0.00031,0.97124,0.9878,0.99219,0.68286,1.08281,0.35432,0.00905,0.00022,0.00169112,0.00169112,0.00169112
33,141.777,0.86722,0.40049,0.00822,0.00027,0.98791,0.99681,0.99283,0.6961,1.06716,0.29341,0.00905,9e-05,0.0015776,0.0015776,0.0015776
41,162.121,0.89231,0.43211,0.00943,0.00029,0.96334,0.9878,0.99123,0.68113,1.08386,0.37826,0.00896,5e-05,0.0016832,0.0016832,0.0016832
42,166.191,0.85036,0.39612,0.00985,0.0007,0.98683,0.97561,0.99331,0.70246,1.02388,0.34835,0.00884,9e-05,0.00167528,0.00167528,0.00167528
34,145.983,0.883,0.39568,0.00942,0.00036,0.98791,0.99628,0.99271,0.66385,1.13193,0.30845,0.00928,0.00012,0.0015644,0.0015644,0.0015644
35,150.142,0.86266,0.3882,0.00831,0.00037,0.97519,1,0.99281,0.69119,1.07268,0.2982,0.01034,0.0001,0.0015512,0.0015512,0.0015512
43,170.45,0.88819,0.41806,0.00908,0.00073,0.98778,0.98577,0.99366,0.68519,1.0991,0.30055,0.00896,8e-05,0.00166736,0.00166736,0.00166736
36,154.26,0.90754,0.44615,0.00855,0.00025,0.97512,1,0.99243,0.70222,1.05608,0.29098,0.01022,0.00012,0.001538,0.001538,0.001538
44,174.505,0.91624,0.42659,0.00907,0.00046,0.98786,0.99212,0.99343,0.66346,1.20082,0.31464,0.00927,6e-05,0.00165944,0.00165944,0.00165944
37,158.356,0.85575,0.42055,0.00863,0.00029,0.97618,0.99968,0.99281,0.71206,1.02141,0.29311,0.01013,0.00021,0.0015248,0.0015248,0.0015248
45,178.621,0.92755,0.45325,0.00905,0.00028,0.98779,0.98656,0.9933,0.65715,1.21606,0.31755,0.00932,6e-05,0.00165152,0.00165152,0.00165152
38,162.496,0.84427,0.36102,0.00813,0.00032,0.97428,1,0.99305,0.71353,1.00964,0.30145,0.00913,0.00023,0.0015116,0.0015116,0.0015116
46,182.764,0.98289,0.44965,0.01015,0.00033,0.98793,0.99781,0.99295,0.67797,1.1521,0.30905,0.00907,0.00014,0.0016436,0.0016436,0.0016436
47,186.93,0.87312,0.35631,0.0089,0.00037,0.98401,1,0.99343,0.69721,1.06391,0.29236,0.0091,0.00022,0.00163568,0.00163568,0.00163568
39,166.755,0.82356,0.37849,0.00919,0.00036,0.98792,0.99709,0.99319,0.70588,0.99481,0.28263,0.00908,0.00031,0.0014984,0.0014984,0.0014984
40,171.239,0.91363,0.42325,0.00878,0.00029,0.98403,0.9878,0.99318,0.70612,1.01202,0.29782,0.00916,0.00024,0.0014852,0.0014852,0.0014852
48,191.607,0.91255,0.44575,0.00973,0.00028,0.97531,1,0.99366,0.70345,1.06067,0.29029,0.00965,0.00013,0.00162776,0.00162776,0.00162776
41,175.378,0.88802,0.45452,0.00954,0.00015,0.97486,1,0.99319,0.69713,1.01106,0.30697,0.00905,7e-05,0.001472,0.001472,0.001472
49,195.722,0.91198,0.39799,0.00984,0.00016,0.96368,0.97561,0.99155,0.67884,1.06008,0.31121,0.00974,5e-05,0.00161984,0.00161984,0.00161984
42,179.487,0.87202,0.39203,0.00984,0.00047,0.97308,1,0.99379,0.70482,1.03629,0.31556,0.00898,0.0001,0.0014588,0.0014588,0.0014588
50,199.803,0.89252,0.4108,0.00929,0.00012,0.97587,0.98655,0.9927,0.66324,1.06622,0.29471,0.00948,4e-05,0.00161192,0.00161192,0.00161192
51,204.011,0.89453,0.3905,0.00861,0.00019,0.98778,0.98603,0.99366,0.70714,1.03089,0.2805,0.00904,3e-05,0.001604,0.001604,0.001604
43,183.799,0.85957,0.40113,0.00896,0.00093,0.98646,1,0.99331,0.7162,1.04912,0.29255,0.00883,0.00017,0.0014456,0.0014456,0.0014456
44,187.901,0.88728,0.39383,0.00903,0.00083,0.9732,1,0.99305,0.70424,1.05976,0.2917,0.00881,7e-05,0.0014324,0.0014324,0.0014324
52,208.185,0.8142,0.36694,0.00885,0.00014,0.98758,0.9878,0.99391,0.71288,1.0547,0.28325,0.00913,0.00011,0.00159608,0.00159608,0.00159608
45,192.055,0.88036,0.45158,0.00899,0.00044,0.9864,1,0.99271,0.6818,1.09752,0.29875,0.009,8e-05,0.0014192,0.0014192,0.0014192
53,212.378,0.8634,0.40228,0.0092,0.00044,0.98793,0.99805,0.99355,0.70662,1.05767,0.2898,0.00921,0.00032,0.00158816,0.00158816,0.00158816
54,215.444,0.81142,0.3238,0.00885,0.00066,0.98648,1,0.99355,0.68446,1.07135,0.29705,0.00919,0.00026,0.00158024,0.00158024,0.00158024
55,217.958,0.88521,0.36938,0.0091,0.00029,0.98169,0.9878,0.9933,0.68243,1.07622,0.30386,0.00927,4e-05,0.00157232,0.00157232,0.00157232
56,220.452,0.84891,0.40822,0.00848,0.00026,0.97619,0.99981,0.99307,0.69522,1.07547,0.29273,0.00946,9e-05,0.0015644,0.0015644,0.0015644
57,222.964,0.83761,0.39515,0.00873,0.00046,0.97556,1,0.99307,0.6958,1.08881,0.29197,0.00942,0.00025,0.00155648,0.00155648,0.00155648
58,225.607,0.8183,0.38595,0.00921,0.00035,0.97452,1,0.99354,0.6874,1.09679,0.28818,0.00932,0.00018,0.00154856,0.00154856,0.00154856
59,228.129,0.81124,0.426,0.0087,0.00023,0.97382,1,0.9933,0.70009,1.08259,0.28683,0.00952,4e-05,0.00154064,0.00154064,0.00154064
60,230.608,0.80198,0.36292,0.009,0.00013,0.97582,0.9878,0.99255,0.68873,1.07499,0.31081,0.00946,6e-05,0.00153272,0.00153272,0.00153272
61,233.116,0.79896,0.34838,0.00923,0.00013,0.98791,0.99628,0.99319,0.68839,1.0662,0.28933,0.00917,6e-05,0.0015248,0.0015248,0.0015248
62,235.744,0.81161,0.3731,0.00902,0.00012,0.98609,1,0.99319,0.68188,1.03993,0.27829,0.00894,0.0001,0.00151688,0.00151688,0.00151688
63,238.262,0.82659,0.36406,0.00908,0.00021,0.98603,1,0.99343,0.6849,1.04286,0.27508,0.00907,9e-05,0.00150896,0.00150896,0.00150896
64,240.773,0.90558,0.41195,0.00965,0.00021,0.98792,0.99761,0.99355,0.68966,1.03139,0.27121,0.00908,8e-05,0.00150104,0.00150104,0.00150104
65,243.302,0.77638,0.33654,0.00914,0.00016,0.9879,0.99558,0.99404,0.69965,1.05008,0.26939,0.00904,5e-05,0.00149312,0.00149312,0.00149312
